total_tokens,esg_signal_count,g_signal_count,bp_count,esg_signal_ratio,g_signal_ratio,bp_contamination_rate,esg_g_relative,stock_code,fiscal_year,rcept_no,n_tokens,esg_tfidf_concentration,esg_year,company_name,industry,esg_grade,e_grade,s_grade,g_grade,kcgs_grade_7,kcgs_grade_4
2395,6,51,0,0.0025,0.0213,0.0,1.0,000020,2022,20230315001100.0,2395,0.0143,2022,동화약품,,C,C,B+,C,2,1
2558,7,49,0,0.0027,0.0192,0.0,1.0,000020,2023,20240319000652.0,2558,0.0077,2023,동화약품,,C,C,B,C,2,1
2610,7,49,0,0.0027,0.0188,0.0,1.0,000020,2024,20250318000739.0,2610,0.0075,2024,동화약품,,C,B,B,C,2,1
1367,2,13,0,0.0015,0.0095,0.0,1.0,000040,2022,20230322001182.0,1367,0.0,2022,KR모터스,,D,D,D,D,1,1
1558,2,13,0,0.0013,0.0083,0.0,1.0,000040,2023,20240321002062.0,1558,0.0,2023,KR모터스,,D,D,D,D,1,1
1582,5,17,0,0.0032,0.0107,0.0,1.0,000040,2024,20250319000576.0,1582,0.0,2024,KR모터스,,D,D,D,D,1,1
2044,1,58,0,0.0005,0.0284,0.0,1.0,000050,2022,20230317000682.0,2044,0.039,2022,경방,,D,C,D,D,1,1
2260,1,62,0,0.0004,0.0274,0.0,1.0,000050,2023,20240320000197.0,2260,0.0389,2023,경방,,C,C,D,C,2,1
2273,2,58,0,0.0009,0.0255,0.0,1.0,000050,2024,20250320001362.0,2273,0.036,2024,경방,,C,C,D,C,2,1
5030,49,67,0,0.0097,0.0133,0.0,1.0,000070,2022,20230316001063.0,5028,0.0064,2022,삼양홀딩스,,B+,B+,A,B,4,3
5046,57,62,0,0.0113,0.0123,0.0,1.0,000070,2023,20240314001491.0,5044,0.0,2023,삼양홀딩스,,B+,A,A,B+,4,3
5043,54,64,0,0.0107,0.0127,0.0,1.0,000070,2024,20250320000941.0,5041,0.0,2024,삼양홀딩스,,A,A,A+,B+,5,4
7868,17,165,0,0.0022,0.021,0.0,1.0,000080,2022,20230316001349.0,7867,0.0144,2022,하이트진로,,B,B,B+,B,3,2
7288,14,162,0,0.0019,0.0222,0.0,1.0,000080,2023,20240314000553.0,7287,0.0155,2023,하이트진로,,B,A,A,C,3,2
7344,13,148,0,0.0018,0.0202,0.0,1.0,000080,2024,20250313000666.0,7340,0.0146,2024,하이트진로,,B+,A,A,B,4,3
6239,17,93,0,0.0027,0.0149,0.0,1.0,000100,2022,20230315001431.0,6238,0.0061,2022,유한양행,,B+,B,A,B+,4,3
6405,30,97,0,0.0047,0.0151,0.0,1.0,000100,2023,20240307000960.0,6404,0.0063,2023,유한양행,,A,B+,A+,A,5,4
6913,32,103,0,0.0046,0.0149,0.0,1.0,000100,2024,20250312001137.0,6910,0.0062,2024,유한양행,,A,B+,A+,A,5,4
4238,9,81,0,0.0021,0.0191,0.0,1.0,000120,2022,20230317000857.0,4238,0.0067,2022,CJ대한통운,물류,B+,B+,A+,B,4,3
4222,9,82,0,0.0021,0.0194,0.0,1.0,000120,2023,20240320001789.0,4222,0.0067,2023,CJ대한통운,물류,A,A,A+,B+,5,4
3815,6,91,0,0.0016,0.0239,0.0,1.0,000120,2024,20250317000953.0,3815,0.0206,2024,CJ대한통운,물류,A,A,A+,B+,5,4
7461,23,103,0,0.0031,0.0138,0.0,1.0,000140,2022,20230316001297.0,7460,0.0,2022,하이트진로홀딩스,,B,B,B+,B,3,2
7300,24,93,0,0.0033,0.0127,0.0,1.0,000140,2023,20240314000623.0,7299,0.0,2023,하이트진로홀딩스,,B+,A,A,B,4,3
7051,14,85,0,0.002,0.0121,0.0,1.0,000140,2024,20250313001306.0,7047,0.0,2024,하이트진로홀딩스,,B+,A,A,B,4,3
13904,190,89,0,0.0137,0.0064,0.0,1.0,000150,2022,20230321001440.0,13904,0.0208,2022,두산,,B+,B+,A,B,4,3
16668,152,93,0,0.0091,0.0056,0.0,1.0,000150,2023,20240418000399.0,16668,0.019,2023,두산,,B+,A,A+,B,4,3
16401,249,86,0,0.0152,0.0052,0.0,1.0,000150,2024,20250321001806.0,16401,0.0224,2024,두산,,A,A,A+,B+,5,4
4176,21,80,0,0.005,0.0192,0.0,1.0,000180,2022,20230314001199.0,4176,0.0133,2022,성창기업지주,,D,D,D,D,1,1
4094,23,81,0,0.0056,0.0198,0.0,1.0,000180,2023,20240318000483.0,4094,0.0134,2023,성창기업지주,,D,D,D,C,1,1
4171,39,77,0,0.0094,0.0185,0.0,1.0,000180,2024,20250317000553.0,4171,0.0094,2024,성창기업지주,,D,C,D,D,1,1
10264,112,108,0,0.0109,0.0105,0.0,1.0,000210,2022,20230317000003.0,10264,0.0,2022,DL,,A,A,A+,A,5,4
10959,129,111,0,0.0118,0.0101,0.0,1.0,000210,2023,20240314001785.0,10959,0.0,2023,DL,,A,A,A,A,5,4
10771,130,109,0,0.0121,0.0101,0.0,1.0,000210,2024,20250317000751.0,10771,0.0,2024,DL,,A,A,A+,A,5,4
1578,4,50,0,0.0025,0.0317,0.0,1.0,000220,2022,20230322001027.0,1578,0.0375,2022,유유제약,,C,D,B,D,2,1
1790,4,51,0,0.0022,0.0285,0.0,1.0,000220,2023,20240320001162.0,1790,0.0297,2023,유유제약,,D,D,C,D,1,1
1690,4,41,0,0.0024,0.0243,0.0,1.0,000220,2024,20250319000817.0,1690,0.0236,2024,유유제약,,C,D,C,C,2,1
5971,6,57,0,0.001,0.0095,0.0,1.0,000230,2022,20230316001183.0,5967,0.0,2022,일동홀딩스,,B+,C,A+,B+,4,3
6377,6,59,0,0.0009,0.0093,0.0,1.0,000230,2023,20240314001097.0,6372,0.0,2023,일동홀딩스,,A,B+,A+,B+,5,4
4358,3,65,0,0.0007,0.0149,0.0,1.0,000230,2024,20250318001009.0,4357,0.0064,2024,일동홀딩스,,B+,A,A,B+,4,3
2161,9,123,0,0.0042,0.0569,0.0,1.0,000240,2022,20230324001090.0,2161,0.0732,2022,한국앤컴퍼니,,B,C,B,B+,3,2
2277,9,118,0,0.004,0.0518,0.0,1.0,000240,2023,20240320001601.0,2277,0.0756,2023,한국앤컴퍼니,,B+,B+,A,B+,4,3
2219,24,134,0,0.0108,0.0604,0.0,1.0,000240,2024,20250318000944.0,2219,0.087,2024,한국앤컴퍼니,,B,B+,A,C,3,2
2589,5,35,0,0.0019,0.0135,0.0,1.0,000250,2022,20230321000689.0,2589,0.0065,2022,삼천당제약,,D,D,D,C,1,1
2825,8,36,0,0.0028,0.0127,0.0,1.0,000250,2023,20240320001960.0,2825,0.0059,2023,삼천당제약,,D,D,D,D,1,1
2682,9,40,0,0.0034,0.0149,0.0,1.0,000250,2024,20250318001341.0,2682,0.0069,2024,삼천당제약,,D,C,D,D,1,1
6142,34,125,0,0.0055,0.0204,0.0,1.0,000270,2022,20230309000734.0,6139,0.0167,2022,기아,,B+,A,A,B,4,3
5175,34,129,0,0.0066,0.0249,0.0,1.0,000270,2023,20240312000909.0,5172,0.0288,2023,기아,,B,A,A+,C,3,2
5270,31,135,0,0.0059,0.0256,0.0,1.0,000270,2024,20250306000691.0,5270,0.0304,2024,기아,,A,A+,A+,B+,5,4
4331,28,52,0,0.0065,0.012,0.0,1.0,000320,2022,20230316001033.0,4331,0.0,2022,노루홀딩스,,A,B+,A+,B+,5,4
3854,29,52,0,0.0075,0.0135,0.0,1.0,000320,2023,20240321001014.0,3853,0.0058,2023,노루홀딩스,,A,A,A+,B+,5,4
3910,32,46,0,0.0082,0.0118,0.0,1.0,000320,2024,20250313001148.0,3910,0.0058,2024,노루홀딩스,,A,A,A+,B+,5,4
3593,3,164,0,0.0008,0.0456,0.0,1.0,000370,2022,20230314001218.0,3593,0.0332,2022,한화손해보험,,A,A,A,A,5,4
2866,2,174,0,0.0007,0.0607,0.0,1.0,000370,2023,20240313000997.0,2866,0.0571,2023,한화손해보험,,A,A,A,A,5,4
2696,2,140,0,0.0007,0.0519,0.0,1.0,000370,2024,20250311001216.0,2696,0.0433,2024,한화손해보험,,A,A,A+,B+,5,4
4254,42,56,0,0.0099,0.0132,0.0,1.0,000390,2022,20230316001290.0,4253,0.0143,2022,삼화페인트공업,,B,C,B+,B+,3,2
4575,46,60,0,0.0101,0.0131,0.0,1.0,000390,2023,20240320000357.0,4575,0.0085,2023,삼화페인트공업,,B+,B+,A,B+,4,3
4834,48,59,0,0.0099,0.0122,0.0,1.0,000390,2024,20250312000816.0,4832,0.0108,2024,삼화페인트공업,,B+,B+,B+,B+,4,3
1501,0,74,0,0.0,0.0493,0.0,1.0,000400,2022,20230323001495.0,1501,0.0497,2022,롯데손해보험,,B+,B,B+,B+,4,3
1486,0,80,0,0.0,0.0538,0.0,1.0,000400,2023,20240321001822.0,1486,0.0593,2023,롯데손해보험,,B+,B,B+,B+,4,3
1529,0,84,0,0.0,0.0549,0.0,1.0,000400,2024,20250320001732.0,1529,0.0553,2024,롯데손해보험,,B+,C,A,B+,4,3
2304,7,84,0,0.003,0.0365,0.0,1.0,000430,2022,20230316000976.0,2304,0.049,2022,대원강업,,C,C,D,C,2,1
2362,5,71,0,0.0021,0.0301,0.0,1.0,000430,2023,20240315000516.0,2362,0.04,2023,대원강업,,C,B,B+,C,2,1
2487,5,164,0,0.002,0.0659,0.0,1.0,000430,2024,20250318001210.0,2487,0.0972,2024,대원강업,,B+,B+,A,B+,4,3
2366,4,77,0,0.0017,0.0325,0.0,1.0,000480,2022,20230315001326.0,2366,0.0364,2022,조선내화,,D,C,C,D,1,1
2821,3,143,0,0.0011,0.0507,0.0,1.0,000480,2023,20240313001576.0,2821,0.0703,2023,시알홀딩스,,D,C,D,D,1,1
2815,4,134,0,0.0014,0.0476,0.0,1.0,000480,2024,20250311001197.0,2815,0.0652,2024,시알홀딩스,,C,C,B,C,2,1
2061,19,78,0,0.0092,0.0378,0.0,1.0,000490,2022,20230322000832.0,2061,0.0533,2022,대동,,D,C,C,D,1,1
2374,12,87,0,0.0051,0.0366,0.0,1.0,000490,2023,20240320001807.0,2374,0.0527,2023,대동,,C,B,A,D,2,1
2612,21,107,0,0.008,0.041,0.0,1.0,000490,2024,20250318001356.0,2612,0.0593,2024,대동,,B+,B+,A+,B,4,3
1921,1,63,0,0.0005,0.0328,0.0,1.0,000500,2022,20230315001078.0,1921,0.0436,2022,가온전선,,B,C,B+,B+,3,2
1818,3,64,0,0.0017,0.0352,0.0,1.0,000500,2023,20240318000764.0,1818,0.0475,2023,가온전선,,B+,B+,A,B,4,3
1861,4,62,0,0.0021,0.0333,0.0,1.0,000500,2024,20250317000782.0,1861,0.0448,2024,가온전선,,B,A,A,C,3,2
2303,1,64,0,0.0004,0.0278,0.0,1.0,000520,2022,20230316001021.0,2303,0.0245,2022,삼일제약,,D,D,D,C,1,1
2105,1,64,0,0.0005,0.0304,0.0,1.0,000520,2023,20240314001673.0,2105,0.0259,2023,삼일제약,,C,D,C,C,2,1
2115,1,65,0,0.0005,0.0307,0.0,1.0,000520,2024,20250313001455.0,2115,0.0327,2024,삼일제약,,C,D,C,B,2,1
2153,3,114,0,0.0014,0.0529,0.0,1.0,000540,2022,20230316001454.0,2153,0.0584,2022,흥국화재,,B+,C,B+,B+,4,3
1906,3,116,0,0.0016,0.0609,0.0,1.0,000540,2023,20240321001884.0,1906,0.0659,2023,흥국화재,,B+,B,B+,B+,4,3
1996,3,123,0,0.0015,0.0616,0.0,1.0,000540,2024,20250320001444.0,1996,0.0675,2024,흥국화재,,B+,C,B+,B+,4,3
1870,1,54,0,0.0005,0.0289,0.0,1.0,000590,2022,20230323001033.0,1870,0.0314,2022,CS홀딩스,,C,D,D,B,2,1
1868,1,54,0,0.0005,0.0289,0.0,1.0,000590,2023,20240321001387.0,1868,0.0314,2023,CS홀딩스,,C,D,D,B,2,1
1820,1,54,0,0.0005,0.0297,0.0,1.0,000590,2024,20250321001425.0,1820,0.0318,2024,CS홀딩스,,C,D,D,B,2,1
3818,9,103,0,0.0024,0.027,0.0,1.0,000640,2022,20230321001017.0,3818,0.0265,2022,동아쏘시오홀딩스,,A,B,A,A,5,4
4019,13,88,0,0.0032,0.0219,0.0,1.0,000640,2023,20240320001846.0,4019,0.015,2023,동아쏘시오홀딩스,,A,B+,A+,A,5,4
3962,8,93,0,0.002,0.0235,0.0,1.0,000640,2024,20250321001899.0,3962,0.0205,2024,동아쏘시오홀딩스,,A+,A,A+,A+,6,4
539,1,34,0,0.0019,0.0631,0.0,1.0,000650,2022,20230316001173.0,539,0.0902,2022,천일고속,,D,D,D,D,1,1
559,1,34,0,0.0018,0.0608,0.0,1.0,000650,2023,20240321001343.0,559,0.0844,2023,천일고속,,D,C,D,D,1,1
530,1,32,0,0.0019,0.0604,0.0,1.0,000650,2024,20250320001184.0,530,0.0844,2024,천일고속,,D,C,D,D,1,1
5310,76,193,0,0.0143,0.0363,0.0,1.0,000660,2022,20230321001209.0,5310,0.0423,2022,SK하이닉스,반도체,B+,B+,A,B+,4,3
5471,75,173,0,0.0137,0.0316,0.0,1.0,000660,2023,20240319000684.0,5470,0.0328,2023,SK하이닉스,반도체,A,A,A+,A,5,4
5080,86,179,0,0.0169,0.0352,0.0,1.0,000660,2024,20250319000665.0,5080,0.0499,2024,SK하이닉스,반도체,B+,A,A+,B,4,3
6620,22,88,0,0.0033,0.0133,0.0,1.0,000670,2022,20230314000637.0,6618,0.003,2022,영풍,,B,C,B+,B,3,2
6526,24,63,0,0.0037,0.0097,0.0,1.0,000670,2023,20240312000923.0,6524,0.0,2023,영풍,,B+,B+,B+,B,4,3
6209,13,70,0,0.0021,0.0113,0.0,1.0,000670,2024,20250319001075.0,6207,0.0,2024,영풍,,B,C,B,B+,3,2
2721,3,123,0,0.0011,0.0452,0.0,1.0,000680,2022,20230316000757.0,2721,0.0742,2022,LS네트웍스,,B,C,B+,B,3,2
4425,4,130,0,0.0009,0.0294,0.0,1.0,000680,2023,20240320001453.0,4423,0.0281,2023,LS네트웍스,,B+,B,A,B+,4,3
6357,6,134,0,0.0009,0.0211,0.0,1.0,000680,2024,20250319001010.0,6355,0.0066,2024,LS네트웍스,,B+,B,A,B+,4,3
4016,9,107,0,0.0022,0.0266,0.0,1.0,000700,2022,20230321001229.0,4016,0.0211,2022,유수홀딩스,,B+,B,B+,B+,4,3
4042,11,99,0,0.0027,0.0245,0.0,1.0,000700,2023,20240320001569.0,4042,0.018,2023,유수홀딩스,,B+,B+,A,B+,4,3
4201,16,90,0,0.0038,0.0214,0.0,1.0,000700,2024,20250321001882.0,4201,0.0085,2024,유수홀딩스,,B+,B+,A,B+,4,3
5249,37,125,0,0.007,0.0238,0.0,1.0,000720,2022,20230315001104.0,5248,0.0191,2022,현대건설,,A,A,A,B+,5,4
5543,43,117,0,0.0078,0.0211,0.0,1.0,000720,2023,20240329003141.0,5543,0.0169,2023,현대건설,,A,A,A,A,5,4
1786,17,0,0,0.0095,0.0,0.0,1.0,000720,2024,20250312001136.0,5316,0.0,2024,현대건설,,A,A,A,B+,5,4
1532,1,93,0,0.0007,0.0607,0.0,1.0,000760,2022,20230316000343.0,1532,0.0838,2022,이화산업,,D,D,D,D,1,1
1598,1,103,0,0.0006,0.0645,0.0,1.0,000760,2023,20240321000690.0,1598,0.0895,2023,이화산업,,C,C,D,C,2,1
1535,1,96,0,0.0007,0.0625,0.0,1.0,000760,2024,20250320000337.0,1535,0.0875,2024,이화산업,,D,C,D,D,1,1
6757,2,136,0,0.0003,0.0201,0.0,1.0,000810,2022,20230309000772.0,6757,0.0059,2022,삼성화재해상보험,,A,A,A,A,5,4
7277,6,151,0,0.0008,0.0208,0.0,1.0,000810,2023,20240429000782.0,7277,0.0081,2023,삼성화재해상보험,,A,A,A+,A,5,4
6935,6,145,0,0.0009,0.0209,0.0,1.0,000810,2024,20250311001055.0,6935,0.0063,2024,삼성화재해상보험,,B+,A,A,B+,4,3
3088,3,94,0,0.001,0.0304,0.0,1.0,000850,2022,20230315000315.0,3087,0.0425,2022,화천기공,,D,D,D,C,1,1
3094,7,94,0,0.0023,0.0304,0.0,1.0,000850,2023,20240313000479.0,3092,0.0425,2023,화천기공,,C,D,C,C,2,1
3141,5,96,0,0.0016,0.0306,0.0,1.0,000850,2024,20250312000803.0,3139,0.0452,2024,화천기공,,C,D,C,C,2,1
4098,5,79,0,0.0012,0.0193,0.0,1.0,000860,2022,20230320000691.0,4098,0.0063,2022,강남제비스코,,C,C,B,B,2,1
4307,33,78,0,0.0077,0.0181,0.0,1.0,000860,2023,20240320001810.0,4307,0.006,2023,강남제비스코,,B+,B+,B+,B+,4,3
4272,26,88,0,0.0061,0.0206,0.0,1.0,000860,2024,20250318001036.0,4272,0.0076,2024,강남제비스코,,B+,A,B+,B+,4,3
26373,365,182,0,0.0138,0.0069,0.0,1.0,000880,2022,20230321001313.0,26372,0.0106,2022,한화,,A,A,A+,A,5,4
26569,343,167,0,0.0129,0.0063,0.0,1.0,000880,2023,20240430000953.0,26567,0.0093,2023,한화,,B+,B+,B+,B+,4,3
28792,351,183,0,0.0122,0.0064,0.0,1.0,000880,2024,20250318001429.0,28792,0.0,2024,한화,,B+,A,B+,B+,4,3
2646,6,51,0,0.0023,0.0193,0.0,1.0,000890,2022,20230321001480.0,2645,0.0152,2022,보해양조,,D,D,D,C,1,1
2988,6,54,0,0.002,0.0181,0.0,1.0,000890,2023,20240318000717.0,2987,0.0151,2023,보해양조,,D,D,D,D,1,1
3138,7,54,0,0.0022,0.0172,0.0,1.0,000890,2024,20250318001002.0,3138,0.0137,2024,보해양조,,D,D,D,C,1,1
3040,8,31,0,0.0026,0.0102,0.0,1.0,000910,2022,20230323001190.0,3039,0.0,2022,유니온,,C,C,C,B,2,1
3113,9,28,0,0.0029,0.009,0.0,1.0,000910,2023,20240321001439.0,3112,0.0,2023,유니온,,C,C,C,B,2,1
3280,9,29,0,0.0027,0.0088,0.0,1.0,000910,2024,20250320001552.0,3279,0.0,2024,유니온,,C,C,C,B,2,1
2159,7,31,0,0.0032,0.0144,0.0,1.0,000950,2022,20230315001304.0,2159,0.0,2022,전방,,D,C,C,D,1,1
2121,6,31,0,0.0028,0.0146,0.0,1.0,000950,2023,20240314001271.0,2121,0.0054,2023,전방,,D,C,C,D,1,1
1680,7,32,0,0.0042,0.019,0.0,1.0,000950,2024,20250320000970.0,1680,0.0211,2024,전방,,D,C,D,D,1,1
1846,2,46,0,0.0011,0.0249,0.0,1.0,000970,2022,20230316000941.0,1844,0.0397,2022,한국주철관공업,,D,C,C,D,1,1
1825,2,46,0,0.0011,0.0252,0.0,1.0,000970,2023,20240321000781.0,1823,0.0397,2023,한국주철관공업,,D,C,D,D,1,1
2013,1,65,0,0.0005,0.0323,0.0,1.0,000970,2024,20250320000304.0,2011,0.0526,2024,한국주철관공업,,D,C,D,D,1,1
2207,14,76,0,0.0063,0.0344,0.0,1.0,000990,2022,20230321001125.0,2207,0.0413,2022,DB하이텍,,B,B,B+,B,3,2
2337,10,76,0,0.0043,0.0325,0.0,1.0,000990,2023,20240320002017.0,2337,0.0408,2023,DB하이텍,,B+,A,A,B,4,3
2508,9,83,0,0.0036,0.0331,0.0,1.0,000990,2024,20250312001130.0,2508,0.0425,2024,DB하이텍,,C,B+,A,D,2,1
1731,0,31,0,0.0,0.0179,0.0,1.0,001020,2022,20230323001248.0,1731,0.0152,2022,페이퍼코리아,,D,C,D,D,1,1
1608,0,34,0,0.0,0.0211,0.0,1.0,001020,2023,20240321001475.0,1608,0.0283,2023,페이퍼코리아,,D,C,C,D,1,1
1517,0,31,0,0.0,0.0204,0.0,1.0,001020,2024,20250320001403.0,1517,0.0163,2024,페이퍼코리아,,C,C,C,C,2,1
20583,101,130,0,0.0049,0.0063,0.0,1.0,001040,2022,20230321001305.0,20582,0.0,2022,CJ,지주회사,B+,B+,A,B+,4,3
23929,101,118,0,0.0042,0.0049,0.0,1.0,001040,2023,20240320001996.0,23928,0.0,2023,CJ,지주회사,A,A,A+,B+,5,4
22719,94,146,0,0.0041,0.0064,0.0,1.0,001040,2024,20250318001349.0,22719,0.0,2024,CJ,지주회사,A,A,A+,A,5,4
3113,1,24,0,0.0003,0.0077,0.0,1.0,001060,2022,20230321001149.0,3108,0.0,2022,JW중외제약,,C,B,B+,D,2,1
2980,2,33,0,0.0007,0.0111,0.0,1.0,001060,2023,20240318000800.0,2975,0.0,2023,JW중외제약,,B+,B,A,B+,4,3
1610,1,34,0,0.0006,0.0211,0.0,1.0,001060,2024,20250318001192.0,1608,0.0146,2024,JW중외제약,,B+,B+,A,B+,4,3
1725,6,62,0,0.0035,0.0359,0.0,1.0,001070,2022,20230316001199.0,1725,0.0565,2022,대한방직,,C,D,D,B,2,1
1498,0,59,0,0.0,0.0394,0.0,1.0,001070,2023,20240314001520.0,1498,0.0607,2023,대한방직,,C,C,D,B,2,1
1360,0,57,0,0.0,0.0419,0.0,1.0,001070,2024,20250313001407.0,1360,0.0625,2024,대한방직,,C,C,D,C,2,1
1322,14,39,0,0.0106,0.0295,0.0,1.0,001080,2022,20231005000147.0,1322,0.0336,2022,만호제강,,C,D,C,B+,2,1
1189,15,42,0,0.0126,0.0353,0.0,1.0,001080,2023,20240920000456.0,1189,0.057,2023,만호제강,,C,C,C,B+,2,1
1315,14,44,0,0.0106,0.0335,0.0,1.0,001080,2024,20250918000297.0,1315,0.0353,2024,만호제강,,D,C,D,D,1,1
6133,8,140,0,0.0013,0.0228,0.0,1.0,001120,2022,20230315000850.0,6132,0.0177,2022,LX인터내셔널,,A,B+,A,A,5,4
6496,14,133,0,0.0022,0.0205,0.0,1.0,001120,2023,20240320000868.0,6495,0.0152,2023,LX인터내셔널,,B+,B+,A+,B,4,3
6101,14,117,0,0.0023,0.0192,0.0,1.0,001120,2024,20250320000626.0,6100,0.0063,2024,LX인터내셔널,,A,B+,A+,B+,5,4
2550,6,48,0,0.0024,0.0188,0.0,1.0,001130,2022,20230316001412.0,2550,0.018,2022,대한제분,,D,C,D,D,1,1
2507,6,48,0,0.0024,0.0191,0.0,1.0,001130,2023,20240314001452.0,2507,0.0185,2023,대한제분,,D,C,D,D,1,1
2554,5,49,0,0.002,0.0192,0.0,1.0,001130,2024,20250313001408.0,2554,0.0189,2024,대한제분,,C,C,C,C,2,1
2232,5,67,0,0.0022,0.03,0.0,1.0,001140,2022,20230321001053.0,2232,0.0334,2022,국보,,D,D,D,D,1,1
1622,2,50,0,0.0012,0.0308,0.0,1.0,001140,2023,20240321001955.0,1622,0.0292,2023,국보,,D,C,D,D,1,1
1272,2,51,0,0.0016,0.0401,0.0,1.0,001140,2024,20250321001993.0,1272,0.0624,2024,국보,,D,C,D,D,1,1
2203,2,110,0,0.0009,0.0499,0.0,1.0,001200,2022,20230315000887.0,2203,0.0518,2022,유진증권,,B,C,B+,B,3,2
2251,2,108,0,0.0009,0.048,0.0,1.0,001200,2023,20240318000590.0,2251,0.0476,2023,유진증권,,B,C,B,B,3,2
2282,2,128,0,0.0009,0.0561,0.0,1.0,001200,2024,20250318000789.0,2282,0.0512,2024,유진증권,,C,B,D,C,2,1
2195,7,28,0,0.0032,0.0128,0.0,1.0,001210,2022,20230321001127.0,2195,0.0084,2022,금호전기,,D,D,C,D,1,1
2076,6,25,0,0.0029,0.012,0.0,1.0,001210,2023,20240320001009.0,2076,0.0029,2023,금호전기,,D,C,C,D,1,1
2185,8,20,0,0.0037,0.0092,0.0,1.0,001210,2024,20250318000723.0,2185,0.0,2024,금호전기,,D,C,D,D,1,1
4032,16,111,0,0.004,0.0275,0.0,1.0,001230,2022,20230316001310.0,4032,0.0323,2022,동국제강,,B,B+,B,B,3,2
5081,11,41,0,0.0022,0.0081,0.0,1.0,001230,2023,20240314001784.0,5081,0.0,2023,동국홀딩스,,A,A,A,B+,5,4
4717,13,42,0,0.0028,0.0089,0.0,1.0,001230,2024,20250318001457.0,4717,0.0,2024,동국홀딩스,,A,B+,A+,B+,5,4
3899,28,83,0,0.0072,0.0213,0.0,1.0,001250,2022,20230317000485.0,3899,0.0091,2022,GS글로벌,,B+,C,B+,B+,4,3
3926,31,82,0,0.0079,0.0209,0.0,1.0,001250,2023,20240318000522.0,3926,0.0085,2023,GS글로벌,,B+,B+,B+,B+,4,3
3364,32,83,0,0.0095,0.0247,0.0,1.0,001250,2024,20250318001328.0,3364,0.0271,2024,GS글로벌,,B+,B+,A,B+,4,3
1519,4,42,0,0.0026,0.0276,0.0,1.0,001260,2022,20230320000480.0,1519,0.0392,2022,남광토건,,C,D,D,B,2,1
1519,3,36,0,0.002,0.0237,0.0,1.0,001260,2023,20240320000911.0,1519,0.0342,2023,남광토건,,D,C,D,D,1,1
1334,4,35,0,0.003,0.0262,0.0,1.0,001260,2024,20250318000968.0,1334,0.0356,2024,남광토건,,D,D,D,D,1,1
4600,3,319,0,0.0007,0.0693,0.0,1.0,001270,2022,20230316000947.0,4600,0.0835,2022,부국증권,,C,D,C,B,2,1
4684,2,307,0,0.0004,0.0655,0.0,1.0,001270,2023,20240314000951.0,4684,0.0803,2023,부국증권,,C,D,B,C,2,1
4477,3,321,0,0.0007,0.0717,0.0,1.0,001270,2024,20250319000744.0,4477,0.0873,2024,부국증권,,C,D,B,C,2,1
1290,0,52,0,0.0,0.0403,0.0,1.0,001290,2022,20230321001175.0,1290,0.0335,2022,상상인증권,,D,D,C,D,1,1
1372,1,62,0,0.0007,0.0452,0.0,1.0,001290,2023,20240321001495.0,1372,0.0486,2023,상상인증권,,D,D,C,D,1,1
1128,1,68,0,0.0009,0.0603,0.0,1.0,001290,2024,20250318001083.0,1128,0.0701,2024,상상인증권,,C,D,C,C,2,1
1301,10,40,0,0.0077,0.0307,0.0,1.0,001340,2022,20230315000818.0,1289,0.0697,2022,백광산업,,D,C,D,D,1,1
1910,15,83,0,0.0079,0.0435,0.0,1.0,001340,2023,20240320001979.0,1900,0.0726,2023,백광산업,,D,C,D,D,1,1
2126,16,71,0,0.0075,0.0334,0.0,1.0,001340,2024,20250318001326.0,2117,0.0481,2024,PKC,,D,C,D,D,1,1
2100,2,33,0,0.001,0.0157,0.0,1.0,001360,2022,20230320001021.0,2100,0.0103,2022,삼성제약,,D,D,D,D,1,1
2620,4,37,0,0.0015,0.0141,0.0,1.0,001360,2023,20240320002024.0,2620,0.0099,2023,삼성제약,,D,D,D,C,1,1
2650,4,36,0,0.0015,0.0136,0.0,1.0,001360,2024,20250319000845.0,2650,0.0094,2024,삼성제약,,D,D,D,D,1,1
2069,6,44,0,0.0029,0.0213,0.0,1.0,001380,2022,20230314000627.0,2069,0.0178,2022,SG글로벌,,D,D,D,D,1,1
1944,5,41,0,0.0026,0.0211,0.0,1.0,001380,2023,20240319000089.0,1944,0.0166,2023,SG글로벌,,D,C,D,D,1,1
2008,5,42,0,0.0025,0.0209,0.0,1.0,001380,2024,20250319000355.0,2008,0.0167,2024,SG글로벌,,D,C,D,D,1,1
10216,59,35,0,0.0058,0.0034,0.0,1.0,001390,2022,20230321001469.0,10207,0.0,2022,KG케미칼,,D,D,D,D,1,1
11788,62,48,0,0.0053,0.0041,0.0,1.0,001390,2023,20240321001911.0,11780,0.0,2023,KG케미칼,,C,C,D,C,2,1
11373,113,53,0,0.0099,0.0047,0.0,1.0,001390,2024,20250320001653.0,11373,0.0,2024,KG케미칼,,C,B+,B,C,2,1
2259,4,118,0,0.0018,0.0522,0.0,1.0,001420,2022,20230316000393.0,2259,0.0691,2022,태원물산,,D,D,D,D,1,1
2505,5,128,0,0.002,0.0511,0.0,1.0,001420,2023,20240320000726.0,2505,0.0652,2023,태원물산,,D,D,D,D,1,1
2346,7,118,0,0.003,0.0503,0.0,1.0,001420,2024,20250320001049.0,2346,0.0642,2024,태원물산,,D,D,D,D,1,1
3015,30,116,0,0.01,0.0385,0.0,1.0,001430,2022,20230321001452.0,3015,0.0602,2022,세아베스틸지주,,C,C,B,B,2,1
3214,38,102,0,0.0118,0.0317,0.0,1.0,001430,2023,20240312000629.0,3214,0.0496,2023,세아베스틸지주,,A,A,A,A,5,4
3235,36,102,0,0.0111,0.0315,0.0,1.0,001430,2024,20250318000465.0,3235,0.051,2024,세아베스틸지주,,A,A,B+,A,5,4
2201,4,81,0,0.0018,0.0368,0.0,1.0,001440,2022,20230322001136.0,2201,0.0487,2022,대한전선,,A,B+,A+,B+,5,4
2350,6,93,0,0.0026,0.0396,0.0,1.0,001440,2023,20240321001692.0,2350,0.0514,2023,대한전선,,A,A,A+,B+,5,4
2281,1,83,0,0.0004,0.0364,0.0,1.0,001440,2024,20250320001292.0,2281,0.0471,2024,대한전선,,A,A,A+,B+,5,4
5474,3,100,0,0.0005,0.0183,0.0,1.0,001450,2022,20230309000797.0,5474,0.0059,2022,현대해상,,B+,A,A,B+,4,3
4680,2,92,0,0.0004,0.0197,0.0,1.0,001450,2023,20240314001515.0,4680,0.0064,2023,현대해상,,A,A,A+,A,5,4
4567,1,100,0,0.0002,0.0219,0.0,1.0,001450,2024,20250313001346.0,4567,0.0153,2024,현대해상,,A,A,A+,A,5,4
1294,0,78,0,0.0,0.0603,0.0,1.0,001460,2022,20230316001312.0,1293,0.0854,2022,BYC,섬유/의류,D,D,D,D,1,1
1117,0,78,0,0.0,0.0698,0.0,1.0,001460,2023,20240314001341.0,1117,0.0969,2023,BYC,섬유/의류,D,D,D,D,1,1
1430,0,77,0,0.0,0.0538,0.0,1.0,001460,2024,20250320001026.0,1429,0.077,2024,BYC,섬유/의류,D,D,D,C,1,1
3164,7,59,0,0.0022,0.0186,0.0,1.0,001470,2022,20230322001271.0,3164,0.0194,2022,삼부토건,,D,D,D,C,1,1
3048,4,56,0,0.0013,0.0184,0.0,1.0,001470,2023,20240408002608.0,3048,0.0198,2023,삼부토건,,C,C,C,C,2,1
2977,6,65,0,0.002,0.0218,0.0,1.0,001470,2024,20250407003073.0,2977,0.0263,2024,삼부토건,,D,C,C,D,1,1
2151,2,164,0,0.0009,0.0762,0.0,1.0,001500,2022,20230315000803.0,2151,0.103,2022,현대차증권,,A,B+,A+,B+,5,4
1976,2,161,0,0.001,0.0815,0.0,1.0,001500,2023,20240313001172.0,1976,0.1059,2023,현대차증권,,A,B+,A+,B+,5,4
1933,2,163,0,0.001,0.0843,0.0,1.0,001500,2024,20250319001001.0,1933,0.1093,2024,현대차증권,,B+,A,A,B+,4,3
3310,8,197,0,0.0024,0.0595,0.0,1.0,001510,2022,20230323001329.0,3310,0.0701,2022,SK증권,,B+,C,B+,B+,4,3
3176,5,211,0,0.0016,0.0664,0.0,1.0,001510,2023,20240315000894.0,3176,0.0762,2023,SK증권,,B+,B,B+,B+,4,3
3070,6,199,0,0.002,0.0648,0.0,1.0,001510,2024,20250319001113.0,3070,0.0752,2024,SK증권,,B+,A,B+,B+,4,3
3087,6,98,0,0.0019,0.0317,0.0,1.0,001520,2022,20230321001187.0,3087,0.0388,2022,동양,,D,D,D,C,1,1
2998,6,92,0,0.002,0.0307,0.0,1.0,001520,2023,20240320001400.0,2998,0.037,2023,동양,,D,D,D,C,1,1
3015,7,99,0,0.0023,0.0328,0.0,1.0,001520,2024,20250318000948.0,3015,0.038,2024,동양,,C,B,B,C,2,1
1834,4,49,0,0.0022,0.0267,0.0,1.0,001530,2022,20230316001325.0,1834,0.0322,2022,디아이동일,,D,D,C,C,1,1
2015,4,45,0,0.002,0.0223,0.0,1.0,001530,2023,20240314001589.0,2015,0.0273,2023,디아이동일,,D,D,D,C,1,1
1741,2,44,0,0.0011,0.0253,0.0,1.0,001530,2024,20250320001320.0,1741,0.0329,2024,디아이동일,,D,D,D,C,1,1
1181,1,116,0,0.0008,0.0982,0.0,1.0,001560,2022,20230321000389.0,1181,0.1393,2022,제일연마,,C,D,D,B+,2,1
1432,3,111,0,0.0021,0.0775,0.0,1.0,001560,2023,20240321000824.0,1432,0.1162,2023,제일연마,,C,C,D,B,2,1
1231,1,114,0,0.0008,0.0926,0.0,1.0,001560,2024,20250317000206.0,1231,0.1345,2024,제일연마,,C,C,D,B+,2,1
8559,18,48,0,0.0021,0.0056,0.0,1.0,001630,2022,20230314001191.0,8559,0.0,2022,종근당홀딩스,,B+,B+,A,B,4,3
9684,22,72,0,0.0023,0.0074,0.0,1.0,001630,2023,20240320001873.0,9684,0.0,2023,종근당홀딩스,,B+,A,A,B+,4,3
9743,21,106,0,0.0022,0.0109,0.0,1.0,001630,2024,20250318001235.0,9743,0.0057,2024,종근당홀딩스,,A,A,A,A,5,4
4516,8,110,0,0.0018,0.0244,0.0,1.0,001680,2022,20230316001258.0,4516,0.0186,2022,대상,,B+,A,A+,B,4,3
4946,8,129,0,0.0016,0.0261,0.0,1.0,001680,2023,20240314001698.0,4946,0.022,2023,대상,,A,A,A+,B+,5,4
4248,7,105,0,0.0016,0.0247,0.0,1.0,001680,2024,20250319001095.0,4248,0.0253,2024,대상,,A,A,A+,B+,5,4
2537,4,137,0,0.0016,0.054,0.0,1.0,001720,2022,20230615000542.0,2537,0.0673,2022,신영증권,,B+,C,B+,B+,4,3
2736,5,139,0,0.0018,0.0508,0.0,1.0,001720,2023,20240612000337.0,2736,0.0553,2023,신영증권,,B+,B,A,B+,4,3
2898,4,137,0,0.0014,0.0473,0.0,1.0,001720,2024,20250612000448.0,2898,0.0518,2024,신영증권,,B+,B+,A,B+,4,3
6013,10,109,0,0.0017,0.0181,0.0,1.0,001740,2022,20230321001119.0,6013,0.0136,2022,SK네트웍스,,A,A,A+,B+,5,4
6406,13,136,0,0.002,0.0212,0.0,1.0,001740,2023,20240319000871.0,6406,0.0207,2023,SK네트웍스,,A,A,A+,A,5,4
5853,16,155,0,0.0027,0.0265,0.0,1.0,001740,2024,20250318000975.0,5853,0.0322,2024,SK네트웍스,,A+,A,A+,A+,6,4
5291,2,111,0,0.0004,0.021,0.0,1.0,001800,2022,20230315001148.0,5289,0.0071,2022,오리온홀딩스,,A,B+,A,A,5,4
5851,5,118,0,0.0009,0.0202,0.0,1.0,001800,2023,20240313000499.0,5847,0.0071,2023,오리온홀딩스,,A,A,A,A,5,4
5647,3,138,0,0.0005,0.0244,0.0,1.0,001800,2024,20250318000980.0,5647,0.0171,2024,오리온홀딩스,,A,A,A,A,5,4
7559,60,102,0,0.0079,0.0135,0.0,1.0,002030,2022,20230315001365.0,7559,0.0066,2022,아세아,,B+,B,B+,B+,4,3
8435,62,98,0,0.0074,0.0116,0.0,1.0,002030,2023,20240313001757.0,8435,0.0056,2023,아세아,,A,B+,B+,A,5,4
8400,56,97,0,0.0067,0.0115,0.0,1.0,002030,2024,20250312000788.0,8400,0.0056,2024,아세아,,A,A,A,A,5,4
2411,7,79,0,0.0029,0.0328,0.0,1.0,002320,2022,20230315001412.0,2411,0.0286,2022,한진,,B+,B+,A,B+,4,3
2336,9,98,0,0.0039,0.042,0.0,1.0,002320,2023,20240312000974.0,2336,0.044,2023,한진,,A,A,A,A,5,4
2338,9,86,0,0.0038,0.0368,0.0,1.0,002320,2024,20250317000904.0,2338,0.0344,2024,한진,,A,A,A,A,5,4
3842,15,101,0,0.0039,0.0263,0.0,1.0,002350,2022,20230320000888.0,3842,0.0163,2022,넥센타이어,,B+,B+,A,B,4,3
3641,15,116,0,0.0041,0.0319,0.0,1.0,002350,2023,20240318000903.0,3641,0.0324,2023,넥센타이어,,B+,A,A,B,4,3
3682,15,110,0,0.0041,0.0299,0.0,1.0,002350,2024,20250318001449.0,3682,0.0248,2024,넥센타이어,,B,A,A+,C,3,2
782,4,53,0,0.0051,0.0678,0.0,1.0,002600,2022,20230309000626.0,782,0.0967,2022,조흥,,C,C,C,C,2,1
860,4,50,0,0.0047,0.0581,0.0,1.0,002600,2023,20240314001089.0,860,0.079,2023,조흥,,C,C,B,C,2,1
859,5,50,0,0.0058,0.0582,0.0,1.0,002600,2024,20250312000526.0,859,0.0796,2024,조흥,,B,B+,C,B,3,2
7977,210,140,0,0.0263,0.0176,0.0,1.0,002790,2022,20230309000832.0,7975,0.0196,2022,아모레퍼시픽홀딩스,,A,A,A+,B+,5,4
5385,22,146,0,0.0041,0.0271,0.0,1.0,002790,2023,20240307000584.0,5383,0.0304,2023,아모레퍼시픽홀딩스,,A,A,A+,A,5,4
5084,15,121,0,0.003,0.0238,0.0,1.0,002790,2024,20250317000463.0,5084,0.0178,2024,아모레퍼시픽홀딩스,,A+,A,A+,A+,6,4
2598,8,83,0,0.0031,0.0319,0.0,1.0,003240,2022,20230323001281.0,2595,0.0224,2022,태광산업,,D,D,C,C,1,1
2813,10,95,0,0.0036,0.0338,0.0,1.0,003240,2023,20240329003575.0,2810,0.0364,2023,태광산업,,C,C,C,C,2,1
2678,9,91,0,0.0034,0.034,0.0,1.0,003240,2024,20250320001386.0,2676,0.0357,2024,태광산업,,B,B+,A+,C,3,2
1505,3,29,0,0.002,0.0193,0.0,1.0,003280,2022,20230320001057.0,1505,0.006,2022,흥아해운,,C,C,B,C,2,1
1418,2,25,0,0.0014,0.0176,0.0,1.0,003280,2023,20240320001803.0,1418,0.0,2023,흥아해운,,B,B,B+,B,3,2
1542,4,33,0,0.0026,0.0214,0.0,1.0,003280,2024,20250317000787.0,1542,0.0133,2024,흥아해운,,B,B,B+,B,3,2
6730,78,153,0,0.0116,0.0227,0.0,1.0,003670,2022,20230317000751.0,6723,0.025,2022,포스코케미칼,,B+,B+,A,B,4,3
5360,53,152,0,0.0099,0.0284,0.0,1.0,003670,2023,20240326000383.0,5355,0.0314,2023,포스코퓨처엠,,A,A,A+,A,5,4
4375,46,149,0,0.0105,0.0341,0.0,1.0,003670,2024,20250314000603.0,4372,0.0391,2024,포스코퓨처엠,,A+,A+,A+,A,6,4
1420,7,60,0,0.0049,0.0423,0.0,1.0,003920,2022,20230323001233.0,1420,0.0633,2022,남양유업,,C,B,B+,D,2,1
1388,7,60,0,0.005,0.0432,0.0,1.0,003920,2023,20240321001747.0,1388,0.0633,2023,남양유업,,B,B+,A,C,3,2
1374,6,57,0,0.0044,0.0415,0.0,1.0,003920,2024,20250320001030.0,1374,0.066,2024,남양유업,,B,A,A+,C,3,2
4154,30,104,0,0.0072,0.025,0.0,1.0,004370,2022,20230316000448.0,4152,0.0296,2022,농심,,C,B,A,D,2,1
3719,23,105,0,0.0062,0.0282,0.0,1.0,004370,2023,20240314000698.0,3717,0.0332,2023,농심,,B+,A,A,B,4,3
3754,24,109,0,0.0064,0.029,0.0,1.0,004370,2024,20250312000711.0,3752,0.0343,2024,농심,,B,A,B+,C,3,2
1718,7,45,0,0.0041,0.0262,0.0,1.0,004540,2022,20230316000673.0,1718,0.0302,2022,깨끗한나라,,C,C,B,C,2,1
1677,2,43,0,0.0012,0.0256,0.0,1.0,004540,2023,20240321001282.0,1677,0.0301,2023,깨끗한나라,,B+,B+,B+,B,4,3
2497,60,48,0,0.024,0.0192,0.0,1.0,004540,2024,20250320000849.0,2497,0.0472,2024,깨끗한나라,,B,B,B+,B,3,2
3713,59,63,0,0.0159,0.017,0.0,1.0,005090,2022,20230309000859.0,3713,0.0246,2022,SGC에너지,,B+,B+,A,B+,4,3
3444,61,68,0,0.0177,0.0197,0.0,1.0,005090,2023,20240313001769.0,3444,0.0287,2023,SGC에너지,,B+,A,A,B,4,3
3593,66,60,0,0.0184,0.0167,0.0,1.0,005090,2024,20250312001090.0,3593,0.026,2024,SGC에너지,,B,A,B+,C,3,2
3264,2,141,0,0.0006,0.0432,0.0,1.0,005290,2022,20230316001000.0,3264,0.0669,2022,동진쎄미켐,,C,C,B+,D,2,1
2995,2,150,0,0.0007,0.0501,0.0,1.0,005290,2023,20240314001382.0,2995,0.0755,2023,동진쎄미켐,,B,A,A,D,3,2
3031,2,159,0,0.0007,0.0525,0.0,1.0,005290,2024,20250319000732.0,3031,0.0781,2024,동진쎄미켐,,B,A,A,C,3,2
9388,77,205,0,0.0082,0.0218,0.0,1.0,005380,2022,20230315001030.0,9387,0.0262,2022,현대자동차,자동차,B+,A,B+,B,4,3
9388,77,205,0,0.0082,0.0218,0.0,1.0,005380,2023,20240314001531.0,9387,0.0262,2023,현대자동차,자동차,A,A,A,B+,5,4
8865,99,218,0,0.0112,0.0246,0.0,1.0,005380,2024,20250312001148.0,8859,0.0457,2024,현대자동차,자동차,A,A+,B+,A,5,4
27409,379,198,0,0.0138,0.0072,0.0,1.0,005490,2022,20230309000896.0,27402,0.0,2022,POSCO홀딩스,철강,A,A,A,A+,5,4
26940,435,180,0,0.0161,0.0067,0.0,1.0,005490,2023,20240322000986.0,26933,0.0129,2023,POSCO홀딩스,철강,A+,A,A+,A+,6,4
25657,398,190,0,0.0155,0.0074,0.0,1.0,005490,2024,20250312001016.0,25653,0.0135,2024,POSCO홀딩스,철강,A,A,A+,A,5,4
1998,10,67,0,0.005,0.0335,0.0,1.0,005500,2022,20230316001264.0,1998,0.0498,2022,삼진제약,,D,D,D,D,1,1
1939,10,69,0,0.0052,0.0356,0.0,1.0,005500,2023,20240314001307.0,1939,0.0514,2023,삼진제약,,C,D,D,B+,2,1
1865,6,69,0,0.0032,0.037,0.0,1.0,005500,2024,20250313001200.0,1865,0.043,2024,삼진제약,,B,C,B,B+,3,2
2737,22,78,0,0.008,0.0285,0.0,1.0,005610,2022,20230316001219.0,2737,0.0459,2022,SPC삼립,,B,C,B+,B,3,2
2874,20,112,0,0.007,0.039,0.0,1.0,005610,2023,20240321001513.0,2874,0.0657,2023,SPC삼립,,D,C,C,D,1,1
2862,19,98,0,0.0066,0.0342,0.0,1.0,005610,2024,20250318001175.0,2862,0.052,2024,SPC삼립,,B,B,C,B,3,2
2940,21,71,0,0.0071,0.0241,0.0,1.0,005850,2022,20230321001134.0,2940,0.0187,2022,에스엘,,B+,B,B+,B+,4,3
2653,20,53,0,0.0075,0.02,0.0,1.0,005850,2023,20240318000589.0,2653,0.0147,2023,에스엘,,B+,B+,A,B+,4,3
2854,20,55,0,0.007,0.0193,0.0,1.0,005850,2024,20250318000826.0,2854,0.0156,2024,에스엘,,B,B+,A,C,3,2
5581,30,121,0,0.0054,0.0217,0.0,1.0,005930,2022,20230307000542.0,5581,0.009,2022,삼성전자,전기전자,A,A,A+,B+,5,4
5897,32,132,0,0.0054,0.0224,0.0,1.0,005930,2023,20240312000736.0,5897,0.0243,2023,삼성전자,전기전자,A,A,A+,B+,5,4
5829,32,137,0,0.0055,0.0235,0.0,1.0,005930,2024,20250311001085.0,5829,0.026,2024,삼성전자,전기전자,B+,B+,A,B,4,3
4263,7,55,0,0.0016,0.0129,0.0,1.0,005950,2022,20230320000747.0,4254,0.0071,2022,이수화학,,C,B,B+,D,2,1
4034,10,56,0,0.0025,0.0139,0.0,1.0,005950,2023,20240321001863.0,4034,0.0102,2023,이수화학,,C,B,B,D,2,1
3848,15,54,0,0.0039,0.014,0.0,1.0,005950,2024,20250320001454.0,3848,0.0129,2024,이수화학,,B,B+,B+,C,3,2
4247,56,254,0,0.0132,0.0598,0.0,1.0,006400,2022,20230313000726.0,4247,0.0783,2022,삼성SDI,,A,A,A+,B+,5,4
4399,54,282,0,0.0123,0.0641,0.0,1.0,006400,2023,20240312000853.0,4399,0.0845,2023,삼성SDI,,A,A+,A+,B+,5,4
5296,54,241,0,0.0102,0.0455,0.0,1.0,006400,2024,20250311001275.0,5296,0.0663,2024,삼성SDI,,A+,A+,A+,A,6,4
8201,9,181,0,0.0011,0.0221,0.0,1.0,007070,2022,20230315001215.0,8195,0.0124,2022,GS리테일,,A,B+,A,A,5,4
7618,9,159,0,0.0012,0.0209,0.0,1.0,007070,2023,20240313001562.0,7616,0.016,2023,GS리테일,,A,A+,A,A,5,4
6506,5,173,0,0.0008,0.0266,0.0,1.0,007070,2024,20250312000991.0,6506,0.0284,2024,GS리테일,,A+,A+,A+,A,6,4
4219,10,77,0,0.0024,0.0183,0.0,1.0,010130,2022,20230309000731.0,4217,0.013,2022,고려아연,비철금속,B,B+,A,C,3,2
4820,61,86,0,0.0127,0.0178,0.0,1.0,010130,2023,20240328001400.0,4811,0.023,2023,고려아연,비철금속,B,A,A,C,3,2
5600,64,114,0,0.0114,0.0204,0.0,1.0,010130,2024,20250320001542.0,5579,0.016,2024,고려아연,비철금속,B+,B+,A,B+,4,3
5364,30,152,0,0.0056,0.0283,0.0,1.0,010950,2022,20230320000502.0,5359,0.0387,2022,S-Oil,정유,A,B,A+,A+,5,4
5197,40,156,0,0.0077,0.03,0.0,1.0,010950,2023,20240320001242.0,5196,0.0417,2023,S-Oil,정유,A+,A,A+,A+,6,4
5491,37,159,0,0.0067,0.029,0.0,1.0,010950,2024,20250319000503.0,5488,0.0388,2024,S-Oil,정유,A,B+,A,A,5,4
5574,66,92,0,0.0118,0.0165,0.0,1.0,011170,2022,20230321001511.0,5573,0.0111,2022,롯데케미칼,화학,A,B+,A+,A,5,4
6281,71,93,0,0.0113,0.0148,0.0,1.0,011170,2023,20240401004380.0,6281,0.0071,2023,롯데케미칼,화학,B+,A,A+,B,4,3
6615,105,119,0,0.0159,0.018,0.0,1.0,011170,2024,20250317000991.0,6615,0.0419,2024,롯데케미칼,화학,A,A,A+,B+,5,4
4915,16,138,0,0.0033,0.0281,0.0,1.0,011210,2022,20230314000727.0,4913,0.0333,2022,현대위아,,A,A,A,B+,5,4
5173,7,129,0,0.0014,0.0249,0.0,1.0,011210,2023,20240320001675.0,5171,0.0275,2023,현대위아,,A+,A+,A+,A,6,4
5218,6,116,0,0.0011,0.0222,0.0,1.0,011210,2024,20250311001283.0,5217,0.0248,2024,현대위아,,A+,A+,A+,A,6,4
3328,25,76,0,0.0075,0.0228,0.0,1.0,014790,2022,20230315001407.0,3328,0.0355,2022,HL D&I,,B+,B+,A,B+,4,3
3281,24,77,0,0.0073,0.0235,0.0,1.0,014790,2023,20240318000780.0,3281,0.0368,2023,HL D&I,,A,A,A+,B+,5,4
3192,21,96,0,0.0066,0.0301,0.0,1.0,014790,2024,20250317000836.0,3192,0.0466,2024,HL D&I,,A+,A+,A+,A,6,4
4272,18,122,0,0.0042,0.0286,0.0,1.0,018260,2022,20230307000606.0,4272,0.0208,2022,삼성에스디에스,IT서비스,A,A,A+,A,5,4
4173,18,134,0,0.0043,0.0321,0.0,1.0,018260,2023,20240329003204.0,4173,0.0269,2023,삼성에스디에스,IT서비스,A,A,A+,B+,5,4
4165,19,132,0,0.0046,0.0317,0.0,1.0,018260,2024,20250311001129.0,4165,0.0255,2024,삼성에스디에스,IT서비스,A,B+,A+,A,5,4
5516,16,116,0,0.0029,0.021,0.0,1.0,024110,2022,20230315001098.0,5516,0.0119,2022,기업은행,은행,A,A+,A+,B+,5,4
5630,17,128,0,0.003,0.0227,0.0,1.0,024110,2023,20240430000630.0,5630,0.0115,2023,기업은행,은행,A,A+,A+,A,5,4
5107,18,123,0,0.0035,0.0241,0.0,1.0,024110,2024,20250318001325.0,5107,0.0164,2024,기업은행,은행,B+,A+,A+,B,4,3
15560,72,193,0,0.0046,0.0124,0.0,1.0,030200,2022,20230323001449.0,15551,0.0,2022,케이티,,A,A,B+,A,5,4
15775,78,293,0,0.0049,0.0186,0.0,1.0,030200,2023,20240320002050.0,15762,0.0119,2023,케이티,,A,B+,A,A,5,4
13735,58,163,0,0.0042,0.0119,0.0,1.0,030200,2024,20250321001834.0,13720,0.0,2024,케이티,,A+,A,A+,A+,6,4
7465,33,150,0,0.0044,0.0201,0.0,1.0,035420,2022,20230314001049.0,7425,0.0088,2022,NAVER,인터넷/플랫폼,A,A,A,A,5,4
7429,47,147,0,0.0063,0.0198,0.0,1.0,035420,2023,20240318000844.0,7392,0.0065,2023,NAVER,인터넷/플랫폼,A+,A,A+,A+,6,4
6759,14,132,0,0.0021,0.0195,0.0,1.0,035420,2024,20250318000645.0,6724,0.0068,2024,NAVER,인터넷/플랫폼,A,A,A+,A,5,4
6296,51,171,0,0.0081,0.0272,0.0,1.0,035720,2022,20230320001096.0,6296,0.0266,2022,카카오,인터넷/플랫폼,A,A,A,A,5,4
7559,73,209,0,0.0097,0.0276,0.0,1.0,035720,2023,20240418000375.0,7559,0.0287,2023,카카오,인터넷/플랫폼,A,A+,A+,B+,5,4
7018,34,194,0,0.0048,0.0276,0.0,1.0,035720,2024,20250318001297.0,7018,0.0369,2024,카카오,인터넷/플랫폼,A,A+,A,B+,5,4
4967,4,97,0,0.0008,0.0195,0.0,1.0,035760,2022,20230320000724.0,4966,0.0058,2022,CJ ENM,미디어/콘텐츠,B+,B+,A,B,4,3
5780,5,100,0,0.0009,0.0173,0.0,1.0,035760,2023,20240318000857.0,5779,0.005,2023,CJ ENM,미디어/콘텐츠,B+,B+,A+,B,4,3
6003,6,109,0,0.001,0.0182,0.0,1.0,035760,2024,20250319000884.0,6003,0.0055,2024,CJ ENM,미디어/콘텐츠,A,B+,A+,B+,5,4
2483,0,79,0,0.0,0.0318,0.0,1.0,036570,2022,20230321001334.0,2479,0.0293,2022,엔씨소프트,게임,A,B+,A,A,5,4
2904,13,102,0,0.0045,0.0351,0.0,1.0,036570,2023,20240320001965.0,2902,0.0364,2023,엔씨소프트,게임,A,B+,A,A,5,4
2868,14,102,0,0.0049,0.0356,0.0,1.0,036570,2024,20250318001264.0,2868,0.0345,2024,엔씨소프트,게임,A,B+,A+,A,5,4
4252,29,161,0,0.0068,0.0379,0.0,1.0,042670,2022,20230317000838.0,4252,0.0532,2022,현대두산인프라코어,,B+,B+,A,B+,4,3
4128,36,185,0,0.0087,0.0448,0.0,1.0,042670,2023,20240315000865.0,4128,0.0686,2023,HD현대인프라코어,,A,A+,A+,B+,5,4
4290,28,208,0,0.0065,0.0485,0.0,1.0,042670,2024,20250317000883.0,4290,0.0741,2024,HD현대인프라코어,,A+,A+,A+,A,6,4
2384,9,98,0,0.0038,0.0411,0.0,1.0,051500,2022,20230317000800.0,2384,0.0521,2022,CJ프레시웨이,식자재유통,A,B,A,A,5,4
2434,10,107,0,0.0041,0.044,0.0,1.0,051500,2023,20240320001012.0,2434,0.052,2023,CJ프레시웨이,식자재유통,A,B+,A+,A,5,4
2345,10,107,0,0.0043,0.0456,0.0,1.0,051500,2024,20250320000745.0,2345,0.0538,2024,CJ프레시웨이,식자재유통,A,A,A,B+,5,4
5358,28,119,0,0.0052,0.0222,0.0,1.0,051910,2022,20230324001178.0,5357,0.0278,2022,LG화학,화학,B,C,A,B+,3,2
5674,30,119,0,0.0053,0.021,0.0,1.0,051910,2023,20240315000957.0,5673,0.0261,2023,LG화학,화학,A,B+,A+,A,5,4
5823,29,116,0,0.005,0.0199,0.0,1.0,051910,2024,20250314000996.0,5822,0.0156,2024,LG화학,화학,B+,B+,A,B+,4,3
17951,32,225,0,0.0018,0.0125,0.0,1.0,055550,2022,20230315001015.0,17947,0.0,2022,신한지주,금융지주,A+,A+,A+,A+,6,4
18006,36,198,0,0.002,0.011,0.0,1.0,055550,2023,20240502000081.0,18003,0.0,2023,신한지주,금융지주,A+,A+,A+,A+,6,4
17658,44,191,0,0.0025,0.0108,0.0,1.0,055550,2024,20250318000993.0,17655,0.0,2024,신한지주,금융지주,A+,A+,A,A+,6,4
4773,10,137,0,0.0021,0.0287,0.0,1.0,057050,2022,20230315001376.0,4769,0.0215,2022,현대홈쇼핑,,A,A,A+,A,5,4
8480,17,174,0,0.002,0.0205,0.0,1.0,057050,2023,20240315000790.0,8475,0.0174,2023,현대홈쇼핑,,A,A,A+,A,5,4
9271,19,205,0,0.002,0.0221,0.0,1.0,057050,2024,20250317000550.0,9264,0.0202,2024,현대홈쇼핑,,A+,A,A+,A+,6,4
5033,55,122,0,0.0109,0.0242,0.0,1.0,064350,2022,20230310001083.0,5033,0.0422,2022,현대로템,,A,A,A+,A,5,4
4954,59,122,0,0.0119,0.0246,0.0,1.0,064350,2023,20240320000873.0,4954,0.0435,2023,현대로템,,A,A,A+,A,5,4
5358,79,122,0,0.0147,0.0228,0.0,1.0,064350,2024,20250318000847.0,5358,0.0509,2024,현대로템,,A+,A+,A+,A,6,4
5822,15,123,0,0.0026,0.0211,0.0,1.0,068270,2022,20230320000842.0,5805,0.0107,2022,셀트리온,바이오의약품,B,C,B+,B,3,2
6477,15,133,0,0.0023,0.0205,0.0,1.0,068270,2023,20240318000913.0,6462,0.0105,2023,셀트리온,바이오의약품,B,B+,A+,C,3,2
6699,20,119,0,0.003,0.0178,0.0,1.0,068270,2024,20250317000929.0,6681,0.0096,2024,셀트리온,바이오의약품,A,A,A+,A,5,4
13819,30,154,0,0.0022,0.0111,0.0,1.0,086790,2022,20230316001364.0,13818,0.0,2022,하나금융지주,금융지주,A,A+,A+,A,5,4
14440,27,157,0,0.0019,0.0109,0.0,1.0,086790,2023,20240516001695.0,14440,0.0,2023,하나금융지주,금융지주,A,A+,A+,A,5,4
14149,38,151,0,0.0027,0.0107,0.0,1.0,086790,2024,20250317000894.0,14149,0.0,2024,하나금융지주,금융지주,A,A+,A+,A,5,4
12654,75,177,0,0.0059,0.014,0.0,1.0,096770,2022,20230322000906.0,12653,0.0,2022,SK이노베이션,에너지/화학,A,B+,A+,A+,5,4
14471,83,198,0,0.0057,0.0137,0.0,1.0,096770,2023,20240320000950.0,14467,0.0,2023,SK이노베이션,에너지/화학,A+,A,A+,A+,6,4
17324,140,211,0,0.0081,0.0122,0.0,1.0,096770,2024,20250318000862.0,17320,0.006,2024,SK이노베이션,에너지/화학,A+,A,A+,A+,6,4
5228,77,132,0,0.0147,0.0252,0.0,1.0,097950,2022,20230417000204.0,5226,0.0432,2022,CJ제일제당,식품,A,A,A,B+,5,4
7438,74,149,0,0.0099,0.02,0.0,1.0,097950,2023,20240319000861.0,7436,0.0299,2023,CJ제일제당,식품,A,A,A+,A,5,4
6875,69,144,0,0.01,0.0209,0.0,1.0,097950,2024,20250317000648.0,6873,0.0218,2024,CJ제일제당,식품,A,A,A,B+,5,4
17582,24,151,0,0.0014,0.0086,0.0,1.0,105560,2022,20230324001073.0,17580,0.0,2022,KB금융지주,금융지주,A+,A+,A+,A+,6,4
15890,28,147,0,0.0018,0.0093,0.0,1.0,105560,2023,20240326000894.0,15890,0.0,2023,KB금융,금융지주,A+,A+,A+,A+,6,4
17541,24,189,0,0.0014,0.0108,0.0,1.0,105560,2024,20250314001704.0,17541,0.0,2024,KB금융,금융지주,A,A+,A+,A,5,4
11673,8,253,0,0.0007,0.0217,0.0,1.0,138930,2022,20230309000759.0,11673,0.0164,2022,BNK금융지주,금융지주,A,A,A,A,5,4
11862,23,251,0,0.0019,0.0212,0.0,1.0,138930,2023,20240314001564.0,11862,0.0162,2023,BNK금융지주,금융지주,A,A,A+,A,5,4
10645,11,229,0,0.001,0.0215,0.0,1.0,138930,2024,20250318001176.0,10645,0.0169,2024,BNK금융지주,금융지주,A,A+,A+,A,5,4
3768,5,129,0,0.0013,0.0342,0.0,1.0,282330,2022,20230320000886.0,3768,0.0362,2022,BGF리테일,유통,A,A,A+,A,5,4
3804,3,142,0,0.0008,0.0373,0.0,1.0,282330,2023,20240313001437.0,3804,0.0392,2023,BGF리테일,유통,A,A,A+,A,5,4
4953,7,127,0,0.0014,0.0256,0.0,1.0,282330,2024,20250318000733.0,4953,0.0176,2024,BGF리테일,유통,A,A,A+,A,5,4
15538,27,177,0,0.0017,0.0114,0.0,1.0,316140,2022,20230316001455.0,15535,0.0,2022,우리금융지주,금융지주,A,A,A+,B+,5,4
16190,38,176,0,0.0023,0.0109,0.0,1.0,316140,2023,20240314001383.0,16187,0.0,2023,우리금융지주,금융지주,A,A+,A+,A,5,4
16743,35,170,0,0.0021,0.0102,0.0,1.0,316140,2024,20250318001196.0,16740,0.0,2024,우리금융지주,금융지주,A,A+,A,B+,5,4
